Model,Train_Acc,Test_Acc
neural_network,99.69745798941103,99.40810890796094
random_forest,99.79282449274885,99.38837920489296
extra_trees,99.59551448584301,99.16148761961132
